timestamp,script_title,archive_identifier,sheet_outcome
2026-07-23T08:34:12Z,"Meditations",babies_and_breadwinners_2,failure,failure,failure
2026-07-23T09:07:32Z,"Meditations",babies_and_breadwinners_2,failure,failure,failure
2026-07-23T21:55:33Z,"unknown",unknown,skipped,skipped,skipped
2026-07-24T15:26:34Z,"Meditations",NasaSciFiles-BodySystems,failure,failure,failure
2026-07-25T15:03:46Z,"Self-Reliance",babies_and_breadwinners_2,failure,failure,failure
2026-07-26T15:05:50Z,"Self-Reliance",NasaSciFiles-CellsTissuesOrgansAndSystems,failure,failure,failure
2026-07-27T16:21:07Z,"Letters from a Stoic (Moral Letters to Lucilius)",babies_and_breadwinners_2,failure,failure,failure
2026-07-28T16:06:13Z,"Letters from a Stoic (Moral Letters to Lucilius)",NASA-Ultra-High-Definition,failure,failure,failure
2026-07-29T15:56:27Z,"Meditations",Sniffles1955,failure,failure,failure
2026-07-30T15:53:33Z,"Meditations",nasa_eclips_120808,failure,failure,failure
2026-07-31T16:03:35Z,"Meditations",Sniffles1955,failure,failure,failure
2026-08-01T15:01:54Z,"Self-Reliance",nasa_eclips_02022009,failure,failure,failure
2026-08-02T15:02:49Z,"Self-Reliance",122Eyes1950,failure,failure,failure
2026-08-03T16:26:28Z,"Letters from a Stoic (Moral Letters to Lucilius)",nasa_eclips_051309,failure,failure,failure
2026-08-04T16:13:17Z,"Letters from a Stoic (Moral Letters to Lucilius)",CaseofSp1940,failure,failure,failure
2026-08-05T07:16:07Z,"Meditations",unknown,success
2026-08-05T08:13:36Z,"Meditations",unknown,success
2026-08-05T09:11:28Z,"Meditations",unknown,success
2026-08-05T09:32:35Z,"Self-Reliance",unknown,success
2026-08-05T16:02:18Z,"Self-Reliance",unknown,failure
2026-08-07T14:53:52Z,"Letters from a Stoic (Moral Letters to Lucilius)",unknown,success
2026-08-08T14:32:58Z,"Letters from a Stoic (Moral Letters to Lucilius)",unknown,success
2026-08-09T14:34:46Z,"Self-Reliance",unknown,success
2026-08-10T14:59:29Z,"Letters from a Stoic (Moral Letters to Lucilius)",unknown,success
2026-08-11T14:58:45Z,"Letters from a Stoic (Moral Letters to Lucilius)",unknown,success
2026-08-12T14:58:16Z,"Letters from a Stoic (Moral Letters to Lucilius)",unknown,success
2026-08-13T14:57:49Z,"Meditations",unknown,success
2026-08-14T14:53:16Z,"Meditations",unknown,success
2026-08-15T14:22:11Z,"Letters from a Stoic (Moral Letters to Lucilius)",unknown,success
2026-08-16T14:22:32Z,"Meditations",unknown,success
2026-08-17T14:27:07Z,"Meditations",unknown,success
2026-08-18T14:33:11Z,"Meditations",unknown,success
2026-08-19T14:34:13Z,"Meditations",unknown,success
2026-08-20T14:37:14Z,"Letters from a Stoic (Moral Letters to Lucilius)",unknown,success
2026-08-21T14:36:07Z,"Letters from a Stoic (Moral Letters to Lucilius)",unknown,success
2026-08-22T14:21:03Z,"Letters from a Stoic (Moral Letters to Lucilius)",unknown,success
2026-08-23T14:23:03Z,"Self-Reliance",unknown,success
2026-08-24T14:42:14Z,"Self-Reliance",unknown,success
2026-08-25T14:44:37Z,"Self-Reliance",unknown,success
2026-08-26T14:43:57Z,"Self-Reliance",unknown,success
2026-08-27T23:39:09Z,"Meditations",unknown,success
2026-08-28T23:26:34Z,"Letters from a Stoic (Moral Letters to Lucilius)",unknown,success
2026-08-29T17:32:22Z,"Self-Reliance",unknown,success
2026-08-30T17:57:24Z,"Letters from a Stoic (Moral Letters to Lucilius)",unknown,success
2026-08-31T19:51:47Z,"Self-Reliance",unknown,success
2026-09-01T17:38:50Z,"Self-Reliance",unknown,success
2026-09-02T17:38:47Z,"Meditations",unknown,success
2026-09-03T17:33:22Z,"Self-Reliance",unknown,success
2026-09-04T17:24:52Z,"Letters from a Stoic (Moral Letters to Lucilius)",unknown,failure
2026-09-05T16:34:27Z,"Meditations",unknown,success
2026-09-06T16:44:26Z,"Letters from a Stoic (Moral Letters to Lucilius)",unknown,success
2026-09-07T18:37:36Z,"Meditations",unknown,success
2026-09-08T04:07:44Z,"THE MILE NO ONE COULD RUN",pexels_video,pexels_video,pexels_photo,pexels_video,skipped
2026-09-08T04:19:29Z,"FAILURE IS FUEL FOR SUCCESS",pexels_video,pexels_video,pexels_photo,pexels_video,skipped
2026-09-08T04:20:48Z,"HYPATIA: AGAINST ALL ODDS",pexels_video,pexels_video,pexels_photo,pexels_video,skipped
2026-09-08T04:23:12Z,"SECOND-ROUND PICK TO NBA LEGEND",pexels_video,pexels_video,pexels_photo,pexels_video,skipped
2026-09-08T04:24:16Z,"A WARNING FROM A DYING BODY",pexels_video,pexels_video,pexels_photo,pexels_video,skipped
2026-09-08T04:34:36Z,"REJECTED THEN LEGENDARY",pexels_video,pexels_video,pexels_photo,pexels_video,tiktok=skipped,zapier=skipped
2026-09-08T04:40:45Z,"FIGHTING FOR WOMEN'S VOTE",pexels_video,pexels_video,pexels_photo,pexels_video,tiktok=skipped,zapier=skipped
2026-09-08T04:42:56Z,"FROM POVERTY TO CANNES",pexels_video,pexels_video,pexels_photo,pexels_video,tiktok=failure,zapier=success
2026-09-08T04:44:07Z,"ABRAHAM LINCOLN'S RESILIENCE UNLEASHED",pexels_video,pexels_video,pexels_photo,pexels_video,tiktok=skipped,zapier=skipped
2026-09-08T05:07:55Z,"UNRECOGNIZED GENIUS: VAN GOGH'S STRUGGLE",pexels_video,pexels_video,pexels_photo,pexels_video,buffer=skipped,zapier=skipped
2026-09-08T05:10:19Z,"TRUTH-TELLING AS AN ACT OF LOVE",pexels_video,pexels_video,pexels_photo,pexels_video,buffer=failure,zapier=success
2026-09-08T05:33:22Z,"FROM REJECTION TO ICONIC VISION",pexels_video,pexels_video,pexels_photo,pexels_video,buffer=failure,zapier=success
2026-09-08T05:41:17Z,"IBN BATTUTA'S UNFORGETTABLE JOURNEY",pexels_video,pexels_video,pexels_photo,pexels_video,buffer=skipped,zapier=skipped
2026-09-08T05:44:04Z,"COMPASSION IS THE KEY TO LEGENDARY LIFE",pexels_video,pexels_video,pexels_photo,pexels_video,buffer=failure,zapier=success
2026-09-08T05:49:45Z,"EXPLORATION BEFORE MAPPING EXISTED",pexels_video,pexels_video,pexels_photo,pexels_video,buffer=failure,zapier=success
2026-09-08T05:59:46Z,"BRUCE LEE: MASTER OF HIMSELF",pexels_video,pexels_video,pexels_photo,pexels_video,buffer=failure,zapier=success
2026-09-08T06:06:49Z,"COURAGE AGAINST OPPRESSION",pexels_video,pexels_video,pexels_photo,pexels_video,buffer=failure,zapier=success
2026-09-08T06:11:00Z,"FROM TRUNK TO EMPIRE",pexels_video,pexels_video,pexels_photo,pexels_video,buffer=failure,zapier=success
2026-09-08T06:15:33Z,"THE FIRST PERFECT 10 IN GYMNASTICS",pexels_video,pexels_video,pexels_photo,pexels_video,buffer=failure,zapier=success
2026-09-08T06:17:51Z,"FROM ORPHAN TO EMPIRE BUILDER",pexels_video,pexels_video,pexels_photo,pexels_video,buffer=failure,zapier=success
2026-09-08T06:34:27Z,"TERRY FOX: THE LEGENDARY RUNNER",pexels_video,pexels_video,pexels_photo,pexels_video,buffer=failure,zapier=success
2026-09-08T06:40:34Z,"5127 PROTOTYPES CHANGED EVERYTHING",pexels_video,pexels_video,pexels_photo,pexels_video,buffer=success,zapier=success
2026-09-08T12:30:54Z,"FINDING MEANING IN CHAOS",pexels_video,pexels_video,pexels_photo,pexels_video,buffer=success,zapier=success
2026-09-08T17:47:34Z,"EXTREME OWNERSHIP CHANGES EVERYTHING",pexels_video,pexels_video,pexels_photo,pexels_video,buffer=success,zapier=success
2026-09-08T22:11:53Z,"WORDS THAT CHANGED A NATION",pexels_video,pexels_video,pexels_photo,pexels_video,buffer=success,zapier=success
2026-09-09T12:38:56Z,"A CHAMPION RETIRES AT THE PEAK",pexels_video,pexels_video,pexels_photo,pexels_video,buffer=success,zapier=success
2026-09-09T17:35:26Z,"unknown",unknown,buffer=skipped,zapier=skipped
2026-09-09T17:35:50Z,"unknown",unknown,buffer=skipped,zapier=skipped
2026-09-09T22:07:52Z,"THE DAY EVERYTHING CHANGED",pexels_video,pexels_video,pexels_photo,pexels_video,buffer=success,zapier=success
2026-09-10T12:36:39Z,"GREAT MINDS, GREATER RIVALS",pexels_video,pexels_video,pexels_photo,pexels_video,buffer=success,zapier=success
2026-09-10T17:32:17Z,"PREDICTING THE FUTURE THROUGH WRITING",pexels_video,pexels_video,pexels_photo,pexels_video,buffer=success,zapier=success
2026-09-10T22:04:36Z,"HOLLYWOOD'S UNSEEN GENIUS",pexels_video,pexels_video,pexels_photo,pexels_video,buffer=skipped,zapier=skipped
2026-09-10T22:08:00Z,"FAILURE IS YOUR FRIEND",pexels_video,pexels_video,pexels_photo,pexels_video,buffer=success,zapier=success
2026-09-11T12:30:43Z,"EDISON'S UNSTOPPABLE PERSISTENCE",pexels_video,pexels_video,pexels_photo,pexels_video,buffer=skipped,zapier=skipped
2026-09-11T12:32:01Z,"KOBE'S OBSESSIVE DISCIPLINE",pexels_video,pexels_video,pexels_photo,pexels_video,buffer=skipped,zapier=skipped
2026-09-11T17:35:43Z,"IMPRISONED FOR BEING RIGHT",pexels_video,pexels_video,pexels_photo,pexels_video,buffer=success,zapier=success
2026-09-11T22:08:02Z,"PAINTING MASTERPIECES IN NEAR DARKNESS",pexels_video,pexels_video,pexels_photo,pexels_video,buffer=success,zapier=success
2026-09-12T10:23:12Z,"FROM REJECTION TO LEGENDARY SUCCESS",pexels_video,pexels_video,pexels_photo,pexels_video,buffer=skipped,zapier=skipped
2026-09-12T10:34:14Z,"FROM PERSECUTOR TO LEGENDARY LEADER",pexels_video,pexels_video,pexels_photo,pexels_video,buffer=skipped,zapier=skipped
2026-09-12T10:40:58Z,"FROM REJECTION TO CREATIVITY",pexels_video,pexels_video,pexels_photo,pexels_video,factcheck=minor_issues,buffer=skipped,zapier=skipped
2026-09-12T10:59:30Z,"MRBEAST HITS HALF A BILLION SUBSCRIBERS!",topic=trending,pexels_video,pexels_video,pexels_photo,pexels_video,factcheck=minor_issues,buffer=skipped,zapier=skipped
2026-09-12T11:04:35Z,"RONALDINHO'S LEGENDARY COMEBACK",topic=trending,unknown,factcheck=major_issues,buffer=skipped,zapier=skipped
2026-09-12T11:12:07Z,"MESSI'S LEGENDARY FAREWELL TOUR",topic=trending,pexels_video,pexels_video,pexels_photo,pexels_video,factcheck=minor_issues,buffer=skipped,zapier=skipped
2026-09-12T11:16:46Z,"SHE'S ONE WIN AWAY FROM GREATNESS",topic=trending,pexels_video,pexels_video,pexels_photo,pexels_video,factcheck=minor_issues,buffer=skipped,zapier=skipped
2026-09-12T11:28:34Z,"KAEPNERICK'S UNFINISHED FIGHT REVEALED",topic=trending,pexels_video,pexels_video,pexels_photo,pexels_video,factcheck=pass,buffer=skipped,zapier=skipped
2026-09-12T11:57:48Z,"THREE-PEAT IN SIGHT!",topic=trending,pexels_video,pexels_video,pexels_photo,pexels_video,factcheck=minor_issues,buffer=success,zapier=success
2026-09-12T16:53:14Z,"BECOMING A DAD CHANGED EVERYTHING",topic=trending,pexels_video,pexels_video,pexels_photo,pexels_video,factcheck=pass,buffer=success,zapier=success
2026-09-12T21:54:48Z,"ROOKIE MEDIA TURNER RAVEN JOHNSON JUST WENT VIRAL",topic=trending,pexels_video,pexels_video,pexels_photo,pexels_video,factcheck=minor_issues,buffer=success,zapier=success
2026-09-13T03:38:06Z,"LADY GAGA EMBRACES MOTHERHOOD",topic=trending,pexels_video,pexels_video,pexels_photo,pexels_video,factcheck=minor_issues,buffer=skipped,zapier=skipped
2026-09-13T13:07:15Z,"MARIE CURIE CHANGED SCIENCE FOREVER",topic=static,pexels_video,pexels_video,pexels_photo,pexels_video,factcheck=pass,buffer=failure,zapier=success
2026-09-13T17:24:15Z,"LARRY ELLISON CANCELS $7.5 BILLION SALE",topic=trending,pexels_video,pexels_video,pexels_photo,pexels_video,factcheck=minor_issues,buffer=success,zapier=success
2026-09-13T22:00:51Z,"DIABLO'S BACK AND IT'S BOLDER THAN EVER!",topic=trending,pexels_video,pexels_video,pexels_photo,pexels_video,factcheck=minor_issues,buffer=success,zapier=success
2026-09-14T14:44:37Z,"PAINTING THROUGH PAIN",topic=static,pexels_video,pexels_video,pexels_photo,pexels_video,factcheck=error,buffer=success,zapier=success
2026-09-14T19:09:30Z,"CELINE DION'S TRIUMPHANT COMEBACK",topic=trending,pexels_video,pexels_video,pexels_photo,pexels_video,factcheck=pass,buffer=success,zapier=failure
2026-09-14T22:56:44Z,"CELINE DION IS BACK!",topic=trending,pexels_video,pexels_video,pexels_photo,pexels_video,factcheck=pass,buffer=success,zapier=success
2026-09-15T13:08:14Z,"OKINAWA'S YOUNGEST GOVERNOR!",topic=trending,pexels_video,pexels_video,pexels_photo,pexels_video,factcheck=minor_issues,buffer=success,zapier=success
2026-09-15T18:03:11Z,"VIRAL MISTER USA HERO STANDS FOR RIGHTS",topic=trending,pexels_video,pexels_video,pexels_photo,pexels_video,factcheck=minor_issues,buffer=success,zapier=success
2026-09-15T22:38:45Z,"SHE RAN 636 MILES IN SIX DAYS!",topic=trending,pexels_video,pexels_video,pexels_photo,pexels_video,factcheck=pass,buffer=success,zapier=success
2026-09-16T13:05:56Z,"HONESTY CREATES ICONS",topic=static,pexels_video,pexels_video,pexels_photo,pexels_video,factcheck=minor_issues,buffer=success,zapier=success
2026-09-16T18:06:01Z,"MATTHEW RHYS BREAKS EMMY RECORDS!",topic=trending,pexels_video,pexels_video,pexels_photo,pexels_video,factcheck=minor_issues,buffer=success,zapier=failure
2026-09-16T22:34:57Z,"JENSEN HUANG DEFIES THE AI DOOM PROPHETS",topic=trending,pexels_video,pexels_video,pexels_photo,pexels_video,factcheck=error,buffer=success,zapier=success
2026-09-17T13:00:55Z,"OHTANI IS SWINGING AGAIN!",topic=trending,pexels_video,pexels_video,pexels_photo,pexels_video,factcheck=pass,buffer=success,zapier=success
2026-09-17T18:12:32Z,"DIOGENES: THE BARREL PHILOSOPHER",topic=static,pexels_video,pexels_video,pexels_photo,pexels_video,factcheck=pass,buffer=success,zapier=success
2026-09-17T22:37:39Z,"SKATTEBO’S COMEBACK IS HERE",topic=trending,pexels_video,pexels_video,pexels_photo,pexels_video,factcheck=pass,buffer=success,zapier=success
2026-09-18T12:40:44Z,"ONE SMALL ACT, MASSIVE CHANGE",topic=static,pexels_video,pexels_video,pexels_photo,pexels_video,factcheck=minor_issues,buffer=success,zapier=success
2026-09-18T17:36:58Z,"MILLIE BOBBY BROWN'S INCREDIBLE JOURNEY",topic=trending,pexels_video,pexels_video,pexels_photo,pexels_video,factcheck=pass,buffer=success,zapier=success
2026-09-18T22:09:03Z,"NASA'S TELESCOPE SEES STARS FOR FIRST TIME",topic=trending,pexels_video,pexels_video,pexels_photo,pexels_video,factcheck=minor_issues,buffer=success,zapier=success
2026-09-19T12:16:50Z,"WARREN BUFFETT PASSES THE TORCH",topic=trending,pexels_video,pexels_video,pexels_photo,pexels_video,factcheck=minor_issues,buffer=success,zapier=success
2026-09-19T17:06:30Z,"MS. RACHEL'S ICONIC ALBUM DROP!",topic=trending,pexels_video,pexels_video,pexels_photo,pexels_video,factcheck=minor_issues,buffer=success,zapier=success
2026-09-19T22:01:10Z,"WARREN BUFFETT'S LEGACY UNVEILED",topic=trending,pexels_video,pexels_video,pexels_photo,pexels_video,factcheck=minor_issues,buffer=success,zapier=success
2026-09-20T08:44:10Z,"KELSEY MITCHELL SHATTERS SCORING RECORD",topic=trending,pexels_video,pexels_video,pexels_photo,pexels_video,factcheck=minor_issues,buffer=skipped,zapier=skipped
2026-09-20T08:58:09Z,"KELSEY MITCHELL BREAKS SCORING RECORD!",topic=trending,pexels_video,pexels_video,pexels_photo,pexels_video,factcheck=minor_issues,buffer=skipped,zapier=skipped
2026-09-20T09:29:05Z,"MIND OVER PHYSICAL LIMITS",topic=static,pexels_video,pexels_video,pexels_photo,pexels_video,factcheck=pass,buffer=skipped,zapier=skipped
2026-09-20T12:53:29Z,"KELSEY MITCHELL SETS WNBA RECORD!",topic=trending,pexels_video,pexels_video,pexels_photo,pexels_video,factcheck=minor_issues,buffer=success,zapier=success
2026-09-20T17:23:39Z,"RECORD-BREAKING SUCCESS REBOOT",topic=trending,pexels_video,pexels_video,pexels_photo,pexels_video,factcheck=pass,buffer=success,zapier=success
2026-09-20T20:01:06Z,"ONE SMALL STEP THAT CHANGED EVERYTHING",topic=static,pexels_video,pexels_video,pexels_photo,pexels_video,factcheck=minor_issues,buffer=skipped,zapier=skipped
2026-09-20T20:09:02Z,"CHAPMAN'S 400TH SAVE: A COMEBACK STORY",topic=trending,pexels_video,pexels_video,pexels_photo,pexels_video,factcheck=minor_issues,buffer=skipped,zapier=skipped
2026-09-20T22:07:28Z,"UNSTOPPABLE MOM WINS MISS USA",topic=trending,pexels_video,pexels_video,pexels_photo,pexels_video,factcheck=pass,buffer=success,zapier=success
2026-09-21T14:51:01Z,"NASA'S NEW ROMAN TELESCOPE REVEALED!",topic=trending,pexels_video,pexels_video,pexels_photo,pexels_video,factcheck=minor_issues,buffer=failure,zapier=success
2026-09-21T19:10:38Z,"FROM MEME TO MEMOIR",topic=trending,pexels_video,pexels_video,pexels_photo,pexels_video,factcheck=pass,buffer=success,zapier=success
2026-09-21T20:21:07Z,"unknown",topic=unknown,unknown,factcheck=unknown,buffer=skipped,zapier=skipped
2026-09-21T20:23:33Z,"unknown",topic=unknown,unknown,factcheck=unknown,buffer=skipped,zapier=skipped
2026-09-22T08:12:20Z,"unknown",topic=unknown,unknown,factcheck=unknown,buffer=skipped,zapier=skipped
2026-09-22T08:15:42Z,"unknown",topic=unknown,unknown,factcheck=unknown,buffer=skipped,zapier=skipped
2026-09-22T10:55:29Z,"unknown",topic=unknown,unknown,factcheck=unknown,buffer=skipped,zapier=skipped
2026-09-22T10:57:51Z,"unknown",topic=unknown,unknown,factcheck=unknown,buffer=skipped,zapier=skipped
2026-09-22T11:08:55Z,"unknown",topic=unknown,unknown,factcheck=unknown,buffer=skipped,zapier=skipped
2026-09-22T11:10:48Z,"unknown",topic=unknown,unknown,factcheck=unknown,buffer=skipped,zapier=skipped
2026-09-22T14:38:53Z,"unknown",topic=unknown,unknown,factcheck=unknown,buffer=skipped,zapier=skipped
2026-09-22T14:41:26Z,"unknown",topic=unknown,unknown,factcheck=unknown,buffer=skipped,zapier=skipped
2026-09-22T20:07:30Z,"unknown",topic=unknown,unknown,factcheck=unknown,buffer=skipped,zapier=skipped
2026-09-22T20:09:33Z,"unknown",topic=unknown,unknown,factcheck=unknown,buffer=skipped,zapier=skipped
2026-09-23T07:39:26Z,"unknown",topic=unknown,unknown,factcheck=unknown,buffer=skipped,zapier=skipped
2026-09-23T07:41:18Z,"unknown",topic=unknown,unknown,factcheck=unknown,buffer=skipped,zapier=skipped
2026-09-23T07:52:30Z,"unknown",topic=unknown,unknown,factcheck=unknown,buffer=skipped,zapier=skipped
2026-09-23T07:55:04Z,"unknown",topic=unknown,unknown,factcheck=unknown,buffer=skipped,zapier=skipped
2026-09-23T08:00:21Z,"unknown",topic=unknown,unknown,factcheck=unknown,buffer=skipped,zapier=skipped
2026-09-23T08:02:33Z,"unknown",topic=unknown,unknown,factcheck=unknown,buffer=skipped,zapier=skipped
2026-09-23T08:12:27Z,"unknown",topic=unknown,unknown,factcheck=unknown,buffer=skipped,zapier=skipped
2026-09-23T08:14:49Z,"unknown",topic=unknown,unknown,factcheck=unknown,buffer=skipped,zapier=skipped
2026-09-23T09:51:27Z,"unknown",topic=unknown,unknown,factcheck=unknown,buffer=skipped,zapier=skipped
2026-09-23T09:53:27Z,"unknown",topic=unknown,unknown,factcheck=unknown,buffer=skipped,zapier=skipped
2026-09-23T10:48:33Z,"unknown",topic=unknown,unknown,factcheck=unknown,buffer=skipped,zapier=skipped
2026-09-23T10:50:46Z,"unknown",topic=unknown,unknown,factcheck=unknown,buffer=skipped,zapier=skipped
2026-09-23T14:04:49Z,"unknown",topic=unknown,unknown,factcheck=unknown,buffer=skipped,zapier=skipped
2026-09-23T14:07:04Z,"unknown",topic=unknown,unknown,factcheck=unknown,buffer=skipped,zapier=skipped
2026-09-23T20:08:49Z,"unknown",topic=unknown,unknown,factcheck=unknown,buffer=skipped,zapier=skipped
2026-09-23T20:10:53Z,"unknown",topic=unknown,unknown,factcheck=unknown,buffer=skipped,zapier=skipped
2026-09-24T08:12:50Z,"unknown",topic=unknown,unknown,factcheck=unknown,buffer=skipped,zapier=skipped
2026-09-24T08:15:05Z,"unknown",topic=unknown,unknown,factcheck=unknown,buffer=skipped,zapier=skipped
2026-09-24T14:04:45Z,"unknown",topic=unknown,unknown,factcheck=unknown,buffer=skipped,zapier=skipped
2026-09-24T14:06:58Z,"unknown",topic=unknown,unknown,factcheck=unknown,buffer=skipped,zapier=skipped
2026-09-24T20:08:54Z,"unknown",topic=unknown,unknown,factcheck=unknown,buffer=skipped,zapier=skipped
2026-09-24T20:11:05Z,"unknown",topic=unknown,unknown,factcheck=unknown,buffer=skipped,zapier=skipped
2026-09-25T08:11:56Z,"unknown",topic=unknown,unknown,factcheck=unknown,buffer=skipped,zapier=skipped
2026-09-25T08:13:58Z,"unknown",topic=unknown,unknown,factcheck=unknown,buffer=skipped,zapier=skipped
